2026-05-05T05:27:12Z	6268
2026-05-05T05:27:13Z	93928
2026-05-05T05:27:14Z	274176
2026-05-05T05:27:15Z	274192
2026-05-05T05:27:16Z	274576
2026-05-05T05:27:17Z	274576
2026-05-05T05:27:18Z	278100
2026-05-05T05:27:19Z	278100
2026-05-05T05:27:21Z	278100
2026-05-05T05:27:22Z	278100
2026-05-05T05:27:23Z	278100
2026-05-05T05:27:24Z	278100
2026-05-05T05:27:25Z	278100
2026-05-05T05:27:26Z	278116
2026-05-05T05:27:27Z	278116
2026-05-05T05:27:28Z	278116
2026-05-05T05:27:29Z	278116
2026-05-05T05:27:30Z	278116
2026-05-05T05:27:31Z	278116
2026-05-05T05:27:32Z	278116
2026-05-05T05:27:33Z	279276
2026-05-05T05:27:34Z	279276
2026-05-05T05:27:35Z	279404
2026-05-05T05:27:36Z	279532
2026-05-05T05:27:37Z	279532
2026-05-05T05:27:38Z	283356
2026-05-05T05:27:39Z	286056
2026-05-05T05:27:40Z	286056
2026-05-05T05:27:41Z	286056
2026-05-05T05:27:42Z	286056
2026-05-05T05:27:43Z	286056
2026-05-05T05:27:44Z	286056
2026-05-05T05:27:45Z	286056
2026-05-05T05:27:46Z	286056
2026-05-05T05:27:47Z	286056
2026-05-05T05:27:48Z	286056
2026-05-05T05:27:49Z	286056
2026-05-05T05:27:50Z	286056
2026-05-05T05:27:51Z	286056
2026-05-05T05:27:52Z	286056
2026-05-05T05:27:53Z	286056
2026-05-05T05:27:54Z	286056
2026-05-05T05:27:55Z	286056
2026-05-05T05:27:56Z	286056
2026-05-05T05:27:57Z	286056
2026-05-05T05:27:58Z	286056
