utc	pid	rss_kib	pmem	cpu	elapsed
2026-05-05T03:37:37Z	  70367  6308  0.0  0.0       00:00
2026-05-05T03:37:39Z	  70367 105776  0.0 30.5      00:02
2026-05-05T03:37:41Z	  70367 274648  0.2 65.0      00:04
2026-05-05T03:37:43Z	  70367 278168  0.2 76.4      00:06
2026-05-05T03:37:45Z	  70367 278168  0.2 82.4      00:08
2026-05-05T03:37:47Z	  70367 278168  0.2 85.7      00:10
2026-05-05T03:37:49Z	  70367 278168  0.2 88.1      00:12
2026-05-05T03:37:51Z	  70367 278188  0.2 89.8      00:14
2026-05-05T03:37:53Z	  70367 278188  0.2 91.1      00:16
2026-05-05T03:37:55Z	  70367 278188  0.2 92.1      00:18
2026-05-05T03:37:57Z	  70367 278188  0.2 92.8      00:20
2026-05-05T03:37:59Z	  70367 279476  0.2 93.5      00:22
2026-05-05T03:38:01Z	  70367 279604  0.2 94.0      00:24
2026-05-05T03:38:03Z	  70367 283424  0.2 94.1      00:26
2026-05-05T03:38:05Z	  70367 286128  0.2 94.0      00:28
2026-05-05T03:38:07Z	  70367 286128  0.2 94.3      00:30
2026-05-05T03:38:09Z	  70367 286128  0.2 94.7      00:32
2026-05-05T03:38:11Z	  70367 286128  0.2 95.0      00:34
2026-05-05T03:38:13Z	  70367 286128  0.2 95.3      00:36
2026-05-05T03:38:15Z	  70367 286128  0.2 95.5      00:38
2026-05-05T03:38:17Z	  70367 286128  0.2 95.7      00:40
2026-05-05T03:38:19Z	  70367 286128  0.2 95.9      00:42
2026-05-05T03:38:21Z	  70367 286128  0.2 96.1      00:44
2026-05-05T03:38:23Z	  70367 286128  0.2 96.3      00:46
2026-05-05T03:38:25Z	  70367 286128  0.2 92.6      00:48
2026-05-05T03:38:27Z	  70367 286128  0.2 88.9      00:50
